{
    "七台河市": "Qitaihe City",
    "万宁市": "Wanning City",
    "三亚市": "Sanya City",
    "三明市": "Sanming City",
    "三沙市": "Sansha City",
    "三门峡市": "Sanmenxia City",
    "上海市": "Shanghai",
    "上饶市": "Shangrao City",
    "东方市": "Dongfang City",
    "东莞市": "Dongguan City",
    "东营市": "Dongying City",
    "中卫市": "Zhongwei City",
    "中山市": "Zhongshan City",
    "临夏回族自治州": "Linxia Hui Autonomous Prefecture",
    "临汾市": "Linfen City",
    "临沂市": "Linyi City",
    "临沧市": "Lincang City",
    "临高县": "Lingao County",
    "丹东市": "Dandong City",
    "丽水市": "Lishui City",
    "丽江市": "Lijiang City",
    "乌兰察布市": "Ulanqab City",
    "乌海市": "Wuhai City",
    "乌鲁木齐市": "Urumqi City",
    "乐东黎族自治县": "Ledong Li Autonomous County",
    "乐山市": "Leshan City",
    "九江市": "Jiujiang City",
    "云浮市": "Yunfu City",
    "五家渠市": "Wujiaqu City",
    "五指山市": "Wuzhishan City",
    "亳州市": "Bozhou City",
    "仙桃市": "Xiantao City",
    "伊春市": "Yichun City",
    "伊犁哈萨克自治州": "Ili Kazakh Autonomous Prefecture",
    "佛山市": "foshan city",
    "佳木斯市": "Jiamusi City",
    "保亭黎族苗族自治县": "Baoting Li and Miao Autonomous County",
    "保定市": "Baoding City",
    "保山市": "Baoshan City",
    "信阳市": "Xinyang City",
    "儋州市": "Danzhou City",
    "克孜勒苏柯尔克孜自治州": "Kizilsu Kirgiz Autonomous Prefecture",
    "克拉玛依市": "Karamay City",
    "六安市": "Lu'an City",
    "六盘水市": "Liupanshui City",
    "兰州市": "Lanzhou City",
    "兴安盟": "Hinggan League",
    "内江市": "Neijiang City",
    "凉山彝族自治州": "Liangshan Yi Autonomous Prefecture",
    "包头市": "Baotou City",
    "北京市": "Beijing",
    "北屯市": "Beitun City",
    "北海市": "Beihai City",
    "十堰市": "Shiyan City",
    "南京市": "Nanjing City",
    "南充市": "Nanchong City",
    "南宁市": "Nanning City",
    "南平市": "Nanping City",
    "南昌市": "Nanchang City",
    "南通市": "Nantong City",
    "南阳市": "Nanyang City",
    "博尔塔拉蒙古自治州": "Bortala Mongolian Autonomous Prefecture",
    "厦门市": "Xiamen City",
    "双河市": "Shuanghe City",
    "双鸭山市": "Shuangyashan City",
    "可克达拉市": "Kokdala City",
    "台州市": "Taizhou City",
    "合肥市": "Hefei City",
    "吉安市": "Ji'an City",
    "吉林市": "Jilin City",
    "吐鲁番市": "Turpan City",
    "吕梁市": "Luliang City",
    "吴忠市": "Wuzhong City",
    "周口市": "Zhoukou City",
    "呼伦贝尔市": "Hulunbuir City",
    "呼和浩特市": "Hohhot City",
    "和田地区": "Hotan area",
    "咸宁市": "Xianning City",
    "咸阳市": "Xianyang City",
    "哈密市": "Hami City",
    "哈尔滨市": "Harbin City",
    "唐山市": "Tangshan City",
    "商丘市": "Shangqiu City",
    "商洛市": "Shangluo City",
    "喀什地区": "Kashgar region",
    "嘉兴市": "Jiaxing City",
    "嘉峪关市": "Jiayuguan City",
    "四平市": "Siping City",
    "固原市": "Guyuan City",
    "图木舒克市": "Tumshuk City",
    "塔城地区": "Tacheng area",
    "大兴安岭地区": "Daxinganling area",
    "大同市": "Datong City",
    "大庆市": "Daqing City",
    "大理白族自治州": "Dali Bai Autonomous Prefecture",
    "大连市": "Dalian City",
    "天水市": "Tianshui City",
    "天津市": "Tianjin City",
    "天门市": "Tianmen City",
    "太原市": "Taiyuan City",
    "威海市": "Weihai City",
    "娄底市": "Loudi City",
    "孝感市": "Xiaogan City",
    "宁德市": "Ningde City",
    "宁波市": "Ningbo City",
    "安庆市": "Anqing City",
    "安康市": "Ankang City",
    "安阳市": "Anyang City",
    "安顺市": "Anshun City",
    "定安县": "Ding'an County",
    "定西市": "Dingxi City",
    "宜宾市": "Yibin City",
    "宜昌市": "Yichang City",
    "宜春市": "Yichun City",
    "宝鸡市": "Baoji City",
    "宣城市": "xuancheng city",
    "宿州市": "Suzhou City",
    "宿迁市": "suqian city",
    "屯昌县": "Tunchang County",
    "山南市": "Shannan City",
    "岳阳市": "Yueyang City",
    "崇左市": "Chongzuo City",
    "巴中市": "Bazhong City",
    "巴彦淖尔市": "Bayannur City",
    "巴音郭楞蒙古自治州": "Bayingolin Mongolian Autonomous Prefecture",
    "常州市": "Changzhou City",
    "常德市": "Changde City",
    "平凉市": "Pingliang City",
    "平顶山市": "Pingdingshan City",
    "广元市": "Guangyuan City",
    "广安市": "Guang'an City",
    "广州市": "Guangzhou City",
    "庆阳市": "Qingyang City",
    "廊坊市": "Langfang City",
    "延安市": "Yan'an City",
    "延边朝鲜族自治州": "Yanbian Korean Autonomous Prefecture",
    "开封市": "kaifeng city",
    "张家口市": "Zhangjiakou City",
    "张家界市": "Zhangjiajie City",
    "张掖市": "Zhangye City",
    "徐州市": "Xuzhou City",
    "德宏傣族景颇族自治州": "Dehong Dai and Jingpo Autonomous Prefecture",
    "德州市": "Dezhou City",
    "德阳市": "Deyang City",
    "忻州市": "Xinzhou City",
    "怀化市": "Huaihua City",
    "怒江傈僳族自治州": "Nujiang Lisu Autonomous Prefecture",
    "恩施土家族苗族自治州": "Enshi Tujia and Miao Autonomous Prefecture",
    "惠州市": "Huizhou City",
    "成都市": "Chengdu City",
    "扬州市": "Yangzhou City",
    "承德市": "Chengde City",
    "抚州市": "Fuzhou City",
    "抚顺市": "Fushun City",
    "拉萨市": "Lhasa City",
    "揭阳市": "Jieyang City",
    "攀枝花市": "Panzhihua City",
    "文山壮族苗族自治州": "Wenshan Zhuang and Miao Autonomous Prefecture",
    "文昌市": "Wenchang City",
    "新乡市": "Xinxiang City",
    "新余市": "Xinyu City",
    "新星市": "Xinxing City",
    "无锡市": "Wuxi City",
    "日喀则市": "Shigatse City",
    "日照市": "Rizhao City",
    "昆明市": "Kunming City",
    "昆玉市": "Kunyu City",
    "昌吉回族自治州": "Changji Hui Autonomous Prefecture",
    "昌江黎族自治县": "Changjiang Li Autonomous County",
    "昌都市": "Qamdo City",
    "昭通市": "Zhaotong City",
    "晋中市": "Jinzhong City",
    "晋城市": "Jincheng City",
    "普洱市": "Pu'er City",
    "景德镇市": "Jingdezhen City",
    "曲靖市": "Qujing City",
    "朔州市": "Shuozhou City",
    "朝阳市": "Chaoyang City",
    "本溪市": "Benxi City",
    "来宾市": "Laibin City",
    "杭州市": "Hangzhou City",
    "松原市": "Songyuan City",
    "林芝市": "Linzhi City",
    "果洛藏族自治州": "Goluo Tibetan Autonomous Prefecture",
    "枣庄市": "Zaozhuang City",
    "柳州市": "Liuzhou City",
    "株洲市": "Zhuzhou City",
    "桂林市": "Guilin City",
    "梅州市": "Meizhou City",
    "梧州市": "Wuzhou City",
    "楚雄彝族自治州": "Chuxiong Yi Autonomous Prefecture",
    "榆林市": "Yulin City",
    "武威市": "Wuwei City",
    "武汉市": "Wuhan City",
    "毕节市": "Bijie City",
    "永州市": "Yongzhou City",
    "汉中市": "Hanzhong City",
    "汕头市": "Shantou City",
    "汕尾市": "Shanwei City",
    "江门市": "Jiangmen City",
    "池州市": "Chizhou City",
    "沈阳市": "Shenyang City",
    "沧州市": "Cangzhou City",
    "河池市": "Hechi City",
    "河源市": "Heyuan City",
    "泉州市": "Quanzhou City",
    "泰安市": "Tai'an City",
    "泰州市": "Taizhou City",
    "泸州市": "Luzhou City",
    "洛阳市": "Luoyang City",
    "济南市": "Jinan City",
    "济宁市": "Jining City",
    "济源市": "Jiyuan City",
    "海东市": "Haidong City",
    "海北藏族自治州": "Haibei Tibetan Autonomous Prefecture",
    "海南藏族自治州": "Hainan Tibetan Autonomous Prefecture",
    "海口市": "Haikou City",
    "海西蒙古族藏族自治州": "Hainan Mongolian and Tibetan Autonomous Prefecture",
    "淄博市": "Zibo City",
    "淮北市": "Huaibei City",
    "淮南市": "Huainan City",
    "淮安市": "Huaian City",
    "深圳市": "Shenzhen City",
    "清远市": "Qingyuan City",
    "温州市": "Wenzhou City",
    "渭南市": "Weinan City",
    "湖州市": "Huzhou City",
    "湘潭市": "Xiangtan City",
    "湘西土家族苗族自治州": "Xiangxi Tujia and Miao Autonomous Prefecture",
    "湛江市": "Zhanjiang City",
    "滁州市": "Chuzhou City",
    "滨州市": "Binzhou City",
    "漯河市": "Luohe City",
    "漳州市": "Zhangzhou City",
    "潍坊市": "Weifang City",
    "潜江市": "Qianjiang City",
    "潮州市": "Chaozhou City",
    "澄迈县": "Chengmai County",
    "濮阳市": "Puyang City",
    "烟台市": "Yantai City",
    "焦作市": "Jiaozuo City",
    "牡丹江市": "Mudanjiang City",
    "玉林市": "Yulin City",
    "玉树藏族自治州": "Yushu Tibetan Autonomous Prefecture",
    "玉溪市": "Yuxi City",
    "珠海市": "Zhuhai City",
    "琼中黎族苗族自治县": "Qiongzhong Li and Miao Autonomous County",
    "琼海市": "Qionghai City",
    "甘南藏族自治州": "Gannan Tibetan Autonomous Prefecture",
    "甘孜藏族自治州": "Garze Tibetan Autonomous Prefecture",
    "白城市": "Baicheng City",
    "白山市": "Baishan City",
    "白杨市": "Baiyang City",
    "白沙黎族自治": "Baisha Li Autonomy",
    "白沙黎族自治县": "Baisha Li Autonomous County",
    "白沙黎族苗族自治县": "Baisha Li and Miao Autonomous County",
    "白银市": "silver city",
    "百色市": "Baise City",
    "益阳市": "Yiyang City",
    "盐城市": "Yancheng City",
    "盘锦市": "Panjin City",
    "眉山市": "Meishan City",
    "石嘴山市": "Shizuishan City",
    "石家庄市": "Shijiazhuang City",
    "石河子市": "Shihezi City",
    "神农架林区": "Shennongjia Forest District",
    "福州市": "Fuzhou City",
    "秦皇岛市": "Qinhuangdao City",
    "红河哈尼族彝族自治州": "Honghe Hani and Yi Autonomous Prefecture",
    "绍兴市": "Shaoxing City",
    "绥化市": "Suihua City",
    "绵阳市": "Mianyang City",
    "聊城市": "Liaocheng City",
    "肇庆市": "Zhaoqing City",
    "胡杨河市": "Huyanghe City",
    "自贡市": "Zigong City",
    "舟山市": "Zhoushan City",
    "芜湖市": "Wuhu City",
    "苏州市": "suzhou city",
    "茂名市": "Maoming City",
    "荆州市": "Jingzhou City",
    "荆门市": "Jingmen City",
    "莆田市": "Putian City",
    "莱芜市": "Laiwu City",
    "菏泽市": "Heze City",
    "萍乡市": "Pingxiang City",
    "营口市": "Yingkou City",
    "葫芦岛市": "Huludao City",
    "蚌埠市": "Bengbu City",
    "衡水市": "Hengshui City",
    "衡阳市": "Hengyang City",
    "衢州市": "Quzhou City",
    "襄阳市": "Xiangyang City",
    "西双版纳傣族自治州": "Xishuangbanna Dai Autonomous Prefecture",
    "西宁市": "Xining City",
    "西安市": "Xi'an City",
    "许昌市": "Xuchang City",
    "贵港市": "Guigang City",
    "贵阳市": "Guiyang City",
    "贺州市": "Hezhou City",
    "资阳市": "Ziyang City",
    "赣州市": "Ganzhou City",
    "赤峰市": "Chifeng City",
    "辽源市": "Liaoyuan City",
    "辽阳市": "Liaoyang City",
    "达州市": "Dazhou City",
    "运城市": "Yuncheng City",
    "连云港市": "Lianyungang City",
    "迪庆藏族自治州": "Diqing Tibetan Autonomous Prefecture",
    "通化市": "Tonghua City",
    "通辽市": "Tongliao City",
    "遂宁市": "Suining City",
    "遵义市": "Zunyi City",
    "邢台市": "Xingtai City",
    "那曲市": "Nagqu City",
    "邯郸市": "Handan City",
    "邵阳市": "Shaoyang City",
    "郑州市": "Zhengzhou City",
    "郴州市": "Chenzhou City",
    "鄂尔多斯市": "Ordos City",
    "鄂州市": "Ezhou City",
    "酒泉市": "Jiuquan City",
    "重庆市": "Chongqing City",
    "金华市": "Jinhua City",
    "金昌市": "Jinchang City",
    "钦州市": "Qinzhou City",
    "铁岭市": "Tieling City",
    "铁门关市": "Tiemenguan City",
    "铜仁市": "Tongren City",
    "铜川市": "Tongchuan City",
    "铜陵市": "Tongling City",
    "银川市": "Yinchuan City",
    "锡林郭勒盟": "Xilingol League",
    "锦州市": "Jinzhou City",
    "镇江市": "Zhenjiang City",
    "长春市": "Changchun City",
    "长沙市": "Changsha City",
    "长治市": "Changzhi City",
    "阜新市": "Fuxin City",
    "阜阳市": "Fuyang City",
    "防城港市": "Fangchenggang City",
    "阳江市": "Yangjiang City",
    "阳泉市": "Yangquan City",
    "阿克苏地区": "Aksu region",
    "阿勒泰地区": "Altay region",
    "阿坝藏族羌族自治州": "Aba Tibetan and Qiang Autonomous Prefecture",
    "阿拉善盟": "Alxa League",
    "阿拉尔市": "Alar city",
    "阿里地区": "Ali area",
    "陇南市": "Longnan City",
    "陵水黎族自治县": "Lingshui Li Autonomous County",
    "随州市": "suizhou city",
    "雅安市": "Ya'an City",
    "青岛市": "Qingdao City",
    "鞍山市": "Anshan City",
    "韶关市": "Shaoguan City",
    "马鞍山市": "Ma'anshan City",
    "驻马店市": "Zhumadian City",
    "鸡西市": "Jixi City",
    "鹤壁市": "Hebi City",
    "鹤岗市": "Hegang City",
    "鹰潭市": "Yingtan City",
    "黄冈市": "Huanggang City",
    "黄南藏族自治州": "Huangnan Tibetan Autonomous Prefecture",
    "黄山市": "Huangshan City",
    "黄石市": "Huangshi City",
    "黑河市": "Heihe City",
    "黔东南苗族侗族自治州": "Qiandongnan Miao and Dong Autonomous Prefecture",
    "黔南布依族苗族自治州": "Qiannan Buyi and Miao Autonomous Prefecture",
    "黔西南布依族苗族自治州": "Qianxinan Buyi and Miao Autonomous Prefecture",
    "齐齐哈尔市": "Qiqihar City",
    "龙岩市": "Longyan City"
}